nombre,descripcion
Startup 'EcoBuild',"Somos una empresa nueva en el sector de la construcción sostenible. Manejamos datos de proveedores y necesitamos asesoría sobre normativas ambientales (ESG) aplicadas a obras nuevas."
Consultora Financiera Global,"Asesoramos a grandes bancos internacionales. Nuestro principal reto es el cumplimiento regulatorio transfronterizo y las leyes de privacidad financiera."
Tienda Online 'Bookworm',"Somos un e-commerce pequeño que vende libros usados. Manejamos datos de usuarios básicos (nombre, email) y necesitamos saber si hay riesgos de GDPR para nuestro tamaño."
Clínica Veterinaria Local,"Ofrecemos servicios veterinarios en el barrio. Manejamos datos sensibles de salud animal y necesitamos cumplir con las normativas locales de bioseguridad."
Empresa de Logística 'Ruta Rápida',"Gestionamos envíos refrigerados a nivel nacional. La trazabilidad de la cadena de frío es crítica, y los datos son muy voluminosos."
Asociación de Pequeños Comerciantes del Centro,"Somos un grupo de 15 tiendas pequeñas que no tienen estructura legal compleja, pero queremos digitalizarnos sin gastar mucho en cumplimiento."
Startup EdTech 'LearnSmart',"Desarrollamos plataformas educativas para niños. El manejo de datos de menores (niños) es nuestro mayor riesgo y necesitamos cumplir con normativas específicas de infancia."
Banca Regional 'Comunidad Crédito',"Somos un banco local que atiende a PYMES. Necesitamos actualizar nuestros sistemas para soportar pagos digitales masivos y mantener la seguridad física y digital."
Consultoría Ambiental 'Verde Futuro',"Ayudamos a industrias contaminantes a reducir su huella de carbono. Nuestro negocio se centra en el cumplimiento normativo ambiental (ESG)."
Empresa de Servicios Públicos 'AquaNet',"Somos responsables del suministro de agua potable. Manejamos datos críticos de infraestructura y necesitamos cumplir con regulaciones de servicios esenciales."
Consultora Legal Corporativa,"Representamos a multinacionales que operan en varios países. El manejo de datos internacionales y la jurisdicción legal es nuestro día a día."
Empresa de Servicios Médicos 'TeleSalud',"Ofrecemos consultas médicas por videollamada. Manejamos datos de salud altamente sensibles (telemedicina) y necesitamos máxima seguridad."
Franquicia de Cafeterías 'El Rincón del Café',"Tenemos 10 sucursales en la ciudad. Necesitamos estandarizar los procesos operativos, el manejo de inventario y las políticas de privacidad en cada punto de venta."
Empresa Automotriz 'MotoTech',"Somos un taller grande que maneja datos de vehículos (VINs) y servicios técnicos complejos. La gestión de flotas es clave."
Startup de IA 'CogniMind',"Desarrollamos algoritmos avanzados basados en grandes volúmenes de datos no estructurados. Necesitamos expertos en gobernanza de datos y privacidad avanzada."
Empresa de Turismo 'Viajes Perfectos',"Organizamos viajes grupales internacionales. Manejamos pasaportes, reservas aéreas y datos personales de muchos viajeros a la vez."
PYME Manufacturera Textil,"Somos una fábrica mediana que está migrando de procesos manuales a un sistema ERP digital. Necesitamos ayuda con la transformación operativa general."
Asesoría para Autónomos 'Mi Primer Negocio',"Ayudamos a personas físicas a empezar su actividad económica sin grandes estructuras corporativas ni obligaciones complejas."
Empresa Energética Solar 'SolMax',"Instalamos paneles solares en tejados industriales y residenciales. Necesitamos asesoría sobre la normativa de generación distribuida y permisos locales."
Plataforma E-commerce Grande,"Somos un marketplace con miles de vendedores. El reto es gestionar las transacciones, los datos de múltiples terceros (vendedores) y el cumplimiento fiscal."
Empresa de Telecomunicaciones 'ConectaTotal',"Operamos redes de fibra óptica en zonas urbanas. Necesitamos expertos en gestión de infraestructura crítica y regulaciones sectoriales."
Consultora RRHH 'Talento Máximo',"Nos especializamos en la gestión del ciclo de vida completo del empleado, desde el onboarding hasta la desvinculación, manejando datos muy sensibles de nóminas."
Empresa Agroindustrial 'Granos Dorados',"Somos una granja que procesa cosechas y vende a distribuidores. Necesitamos expertos en trazabilidad alimentaria y cumplimiento fitosanitario."
Agencia de Marketing Digital 'ClickMaster',"Creamos campañas publicitarias masivas usando datos de comportamiento online (cookies, clics). El foco es la privacidad del usuario digital."
Empresa de Servicios Públicos 'Luz Segura',"Somos responsables del suministro eléctrico en una región. Necesitamos expertos en gestión de infraestructuras críticas y respuesta a emergencias."
Consultora para PYMES Rurales,"Ayudamos a negocios pequeños fuera de las grandes ciudades que están empezando a vender online por primera vez."
Empresa de Servicios Médicos 'OdontoSmile',"Nos enfocamos exclusivamente en la salud bucodental. Manejamos registros clínicos específicos y necesitamos cumplir con normativas sanitarias específicas."
